id,stoi,pesq,si_sdr,snr,mse,mae
0,0.644892692565918,1.0832858085632324,-23.924823760986328,-9.208931922912598,0.006238843314349651,0.06182175129652023
1,0.6478118300437927,1.0860602855682373,-22.963525772094727,-9.180638313293457,0.006031756289303303,0.061090368777513504
