epoch,train_loss,val_loss
1,51.059556007385254,49.40597915649414
