epoch,train_loss,val_loss
1,0.06716485740616918,0.041613928973674774
