epoch,train_loss,val_loss
1,49.10721302032471,86.41681671142578
