epoch,train_loss,val_loss
1,3192.3309326171875,2154.420654296875
