epoch,train_loss,val_loss
1,2202.3914489746094,2226.732421875
